{
    "accuracy": 0.981203007518797,
    "precision": 1.0,
    "recall": 0.2753623188405797,
    "f1_score": 0.4318181818181818,
    "confusion_matrix": [
        [
            2591,
            0
        ],
        [
            50,
            19
        ]
    ]
}
